unique_id,reco_id,v_gene,d_gene,j_gene,cdr3_length,v_5p_del,v_3p_del,d_5p_del,d_3p_del,j_5p_del,j_3p_del,fv_insertion,vd_insertion,dj_insertion,jf_insertion,seq
5737687579035369181,-255473545473215247,IGHV3-15*07,IGHD6-19*01,IGHJ4*02,39,209,1,4,3,11,22,,,CGGTACCCC,,CACCATCTCAAGAGATGATTCAAAAAACATGCTGTATCTGTAAATGAACAGTCTGAAAACCGAGGACACAGCCGTGTATTACTGTACCACAGATAGCAGTGGCTGGCGGTACCCCTCCTGGGGCCAGGGA
-5013031585027324487,-255473545473215247,IGHV3-15*07,IGHD6-19*01,IGHJ4*02,39,209,1,4,3,11,22,,,CGGTACCCC,,CACCATCTCAAGAGATGATTCAAAAAGCACGCTGTATCTGTAAATGACCAGCCCGAAAACCGAGCACACAGCCGTGTATTACTGTACCACAGATAGCAGTGGATGGCGGTACCCCTCCTGGGGCCAGGGA
1174687982982437957,-255473545473215247,IGHV3-15*07,IGHD6-19*01,IGHJ4*02,39,209,1,4,3,11,22,,,CGGTACCCC,,CACCATCTCAAGAGATGATTCAAAAAACACGCTGTATCTGTAAATGAACAGCCTGAAAACCGAGGACACTGCCGTGTATTAGTGTACCACAGATAGCAGTGGCTGGCGGTACCCCCTCTGGGGCCAGGGA
-2711274570788495574,-255473545473215247,IGHV3-15*07,IGHD6-19*01,IGHJ4*02,39,209,1,4,3,11,22,,,CGGTACCCC,,CATCATCTCAAGAGATGATTCAAAAAACACGCTGTATCTGCAAATAAACAGCCTGAAGACCGAGGATACAGCCGTGTATTACTGTACCACAGATTTCGGTGGCTGGCGTTACCCCATTTGGGGCCAGGGA
-5427394794585187477,-255473545473215247,IGHV3-15*07,IGHD6-19*01,IGHJ4*02,39,209,1,4,3,11,22,,,CGGTACCCC,,CATCATCTGAAGAGATGATTCAAAAAAGACGCTGTATCAGCAAATGAACAGCCTGAAAACCGAGGACACAGCCGTGTATTACTGTACCGCAAATTGCAGTGGCTCTCGGTACCGCCTTTGGGGCCAGGGA
4498771143364118850,3589114240552928537,IGHV3-7*01,IGHD5-5*01,IGHJ6*02,72,236,5,0,3,3,21,,ACCAGACTCGCTCCTA,TCAG,,GTGTCTGCGGATGAACAGCCTTAGACCCGAGGACAGGGCTGCTTATTACTGTTCGACCAGACTTGCTCCTAGTGGATACTGCTATGGTTCAGCTTACTACTTCTACGGTATGGTCGTCTGGGGCAATGGG
-2973626148105918880,3589114240552928537,IGHV3-7*01,IGHD5-5*01,IGHJ6*02,72,236,5,0,3,3,21,,ACCAGACTCGCTCCTA,TCAG,,GTATCTGCAAATGCGTAGCCTGAGAGCCGGGGACACGGCTGTACATTAGTGTCCGACCAGACTCGCTCTTGGTGGACACCGCTGGGGCTCAGCCTACCCCCGATCTGGCCTGGGCGTGTGGTGCCACGGG
-1817019641018311149,3589114240552928537,IGHV3-7*01,IGHD5-5*01,IGHJ6*02,72,236,5,0,3,3,21,,ACCAGACTCGCTCCTA,TCAG,,ATATCTGCAAATGAGCAGCCTGAGAGCCGAGGACACGGCTGTATATTACTGTCCGACCAGACTCGCTCCTAATGGACACAGCTGAGGCCCAGACTACTCCCGATCAGGCCTGGGCGTGTGGAGCCACGGG
6459738739604421510,3589114240552928537,IGHV3-7*01,IGHD5-5*01,IGHJ6*02,72,236,5,0,3,3,21,,ACCAGACTCGCTCCTA,TCAG,,GTATCTGCAAATGAACAGCCTGACACACGAGGACACGGCTGTTTATTACTGTGCGATCAGTCTCACTCCTAGTGGATACAGCTATGGCTTAGCTTACTACGACTACGGCCTGGGCGCCTGGGGCCAGGGG
1197737898995789589,3589114240552928537,IGHV3-7*01,IGHD5-5*01,IGHJ6*02,72,236,5,0,3,3,21,,ACCAGACTCGCTCCTA,TCAG,,GTATCTGCAAACGAACAGCCTGAGATTCGAGGACACGGCTGTATATTACTGTGCCACCAGACTCGCCCCTAGGGGCGACGGCAATGGTTCAGGCTACTACTGGCACGGTATGGTCGTTTGGGGCCAAGGG
-1949650040140980005,-5478740081593204615,IGHV3-7*01,IGHD3-10*01,IGHJ6*03,33,197,1,15,12,14,21,,G,,,GCGATTCACCATCTCCAGAGAGAACGCCAAGAACTCACTGTCTCTGCAGATGAAAACCCTGAGGACCGACGAGACGGCTGTATATTACTGTCCGGAACGGATGTATTGCATGGACGCCTGGGGCGAAGGG
175673350732920645,-5478740081593204615,IGHV3-7*01,IGHD3-10*01,IGHJ6*03,33,197,1,15,12,14,21,,G,,,GCGATTCACCATCTCTAGAGAGAACGCCAAGAACTCACTGTCTCTGCAGATGAAAACCCTGAGGGCCGACGAGACGGCTGTGTATTACTGTCCGAGACGGATGTATTGCATGGACGTCTGGGGCGAAGGG
2786632102196672793,-5478740081593204615,IGHV3-7*01,IGHD3-10*01,IGHJ6*03,33,197,1,15,12,14,21,,G,,,GCGATTCACCATCTCCAGAGAGAACGCCAAGAACTCGCTGTCTCTGCAGATGCAAACCCTGAGGGCCGAGGAGACGGCTGTGTATTACTGTCCGAGACGGATGTATTGCATGGCCGTCTGGGGCGAAGGG
-1765943697481747657,-5478740081593204615,IGHV3-7*01,IGHD3-10*01,IGHJ6*03,33,197,1,15,12,14,21,,G,,,GCGATTCACCATCGCCAGAGACAATGCCAAGAACTCACTTTATCTGCAAATGAACAGCCTGAAAGCCGAGGACACGGTTGTGTATTACTGTGCCAAGGGGGGGTGCTGCCTGGACGACTGGGGCAAGGGG
1922160355278836156,-5478740081593204615,IGHV3-7*01,IGHD3-10*01,IGHJ6*03,33,197,1,15,12,14,21,,G,,,CCCAGTCACCATTTCCAGAGATAACGCCAAGAACTCGCTGTATCTGCGAATGAACAGCCTGAGGGCCCGGGACGCGGCTGTCTATTACTGTAGGAAGGGGGAGTCCGGCATGGACGTCTGGGGCTAAGGG
1429236067330019314,-461588949533585076,IGHV3-74*03,IGHD3-10*01,IGHJ4*02,36,200,1,10,12,1,22,,G,,,GTTCACCGTCTCCACATACATCGTCAAAAACGCGCTGTATCTGTAGATGAACAGTCTGAGAGCCGAGAACACGGCTGTACATTACTGTGCAAGAGGGCTTCGGGGCCCCTTTGTCTGCTGGGGCCTGGGA
7721750795203046150,-461588949533585076,IGHV3-74*03,IGHD3-10*01,IGHJ4*02,36,200,1,10,12,1,22,,G,,,ACTTACCGTCTCCGGAGACAACGCCAAGAACACGCTATATCTCTAAATGAACAGTCTGACAGCCGAGGACACGGCTGTGCATTAGTGTGCAAGAGGGATTCGAGGCAGTTTAGCCTACTGGGGCCAGGGA
2983246011399616607,-461588949533585076,IGHV3-74*03,IGHD3-10*01,IGHJ4*02,36,200,1,10,12,1,22,,G,,,GTTCACCGTCTCCCGGTACAACGCCAAAAAGACGCTCTATCTGCAAATGGGCAGTCTGAGAGCCGAGGACACGGCTGTGTATTACTGTGCAAGATGGGTTCGAGGTTGCCTAGGCTACTGGGGCCAGGGA
5198310862433124788,-461588949533585076,IGHV3-74*03,IGHD3-10*01,IGHJ4*02,36,200,1,10,12,1,22,,G,,,ATTTACCGTCTCCAGAGACAACGCCAAGAATACACTGTATCTGCAAATGAACAGTCTCAGAGCCGTGGACACGGCTGTCTATTACTGTACAAGAGGGGTTCGGGGCTATTTTGACTACTGGGGCCAGGGA
-6958347266379742480,-461588949533585076,IGHV3-74*03,IGHD3-10*01,IGHJ4*02,36,200,1,10,12,1,22,,G,,,ATTTACCGTCTCCACAGACAACGCCAAGAATACACTGTATCTGCAAATGAACAGTCTCAGAGCGGTGGACACGGCTGTCTATTACTGTACAAGAGGGGTTCGGGGCTATTTTGACTACTGGGGCCAGGGA
5094633277265717948,1086131460931220892,IGHV3-7*02,IGHD1-26*01,IGHJ6*03,54,218,6,6,5,3,21,,CTCGGTGGTATCG,,,CAACGCCAAGAACTCACTGTATCTGCAAATGAACAGCCTGAGAGCCGAGGACACGGGTGTGTATTTCTGTCTCGGTAGTATCGGTGGGAACTACTAGTACTACTACTACATGGACGTCTGGGGCAAAGGG
6962597183512750494,1086131460931220892,IGHV3-7*02,IGHD1-26*01,IGHJ6*03,54,218,6,6,5,3,21,,CTCGGTGGTATCG,,,CAATGCCAAGAACTCATTGTATCTGCATATGAACAGCCTGAGAGCCTAGGACACGGCTGTGTATTACTGTCTCGGTGCTATCGGTGTGAGCTCCTTCTACTACTACTATATGGACGTCTGGGGCAAAGGG
-6353442345730537403,1086131460931220892,IGHV3-7*02,IGHD1-26*01,IGHJ6*03,54,218,6,6,5,3,21,,CTCGGTGGTATCG,,,CAATGCCAAGAACTCACTGTGTCTGCATATGAACAGCCTGAGAGCCCAGGACACGGCTCTGTATTACTGTCTCGGTGCTATCGGTGTGAGCTCCTTCTACTACTACTACATGGACGTCTGGGGCAAAGGG
2346622684303596345,1086131460931220892,IGHV3-7*02,IGHD1-26*01,IGHJ6*03,54,218,6,6,5,3,21,,CTCGGTGGTATCG,,,CAATGCCAAGAACTCACTGTATCTGCATATGAACAGCCTGAGAGCCGAGGACACGGCTGTGTATTACTGTCTCGGTGCTATCGGTGTGAGCTACTTCTACTACTACTACATGGACGTCTGGGGCAAAGGG
788752804112048524,1086131460931220892,IGHV3-7*02,IGHD1-26*01,IGHJ6*03,54,218,6,6,5,3,21,,CTCGGTGGTATCG,,,GAATGCCAAGAACTCACTGTATCTGCAAATGAACACCCTGAGAGCCGAGAACATGGCTGTCTATTACTGTGTCGGTGCTATCGGTGTGAGCTTCTTCTACTACTACTACATGGACGTCTGGGGCAAAGGG
-1056872305546791193,6134072847194236794,IGHV3-NL1*01,IGHD5-5*01,IGHJ4*02,45,209,0,1,0,7,22,,GCCTG,,,CTCCAGAGACAATTCTAAGAACGCGCTCTATCTTCAAATGGTCAACCTGAGAGCTGACGACACGGCTGTGTATTATTGTGCGAAACAGCCTGTGGATACAGCTATGGTTACTGCCTACTGGGGCCAGGGA
-5354550313362703496,6134072847194236794,IGHV3-NL1*01,IGHD5-5*01,IGHJ4*02,45,209,0,1,0,7,22,,GCCTG,,,CTCCAGAGACAATTCTAAGAACGCGCTCTATCTTCAAATGGTCAACCTGAGAGCTGACGACACGGCTGTGTATTATTGTGCGAAACAGCCTGTGGATACAGCTATGGTTACTGCCTACTGGGGCCAGGGA
-5990457679826058531,6134072847194236794,IGHV3-NL1*01,IGHD5-5*01,IGHJ4*02,45,209,0,1,0,7,22,,GCCTG,,,CTCTAGAGACAATTCCAAGAACACGCTGTATCTGCAAATGAAGAGCCTGAGGGCTGAGGGCGCGGCTGTGTATTACTGTGCGAAACAGTCTGTTGTTACAGCTATGGTTACTGGTTACTGGGGCCAGGGA
-523671515112851197,6134072847194236794,IGHV3-NL1*01,IGHD5-5*01,IGHJ4*02,45,209,0,1,0,7,22,,GCCTG,,,CTCCAGAGACAATTTCAAGAACACGCTGTATCTGCAAATGAACAGCCTGAGAGCTGAAGACGCGGCTGTGTATTACTGTGCGAAACAGTCTGTTGAGACAGCTATGGTTAGTGGCCACTGGGGCCTGGGG
-354308487832117699,6134072847194236794,IGHV3-NL1*01,IGHD5-5*01,IGHJ4*02,45,209,0,1,0,7,22,,GCCTG,,,CTCCAGAGACAATTTCAAGAACACGCTGTATCTGCAAATGAACAGCCTGAGAGCTGAGGACGCCGCTGTGTATTACTGTGCGAAACAGTCTGTTGATACAGCTATGGTTAGTGGCTACTGGGGCCTGGGG
-2374491037672984974,5898374418256353887,IGHV4-4*07,IGHD5/OR15-5b*01,IGHJ6*03,54,215,0,8,4,1,21,,,C,,CACGTCCAAGAACCGGTTCTCCCTGAAGGTGAACTCTGTGACCGCCGCGGATAGGGCCGTCTACTACTGTGCGAGAGAAGTGTCTACGACTCCCTACTACTGCTGCTACACGGACGTCTGGGGCAAAGGG
6342775490031913250,5898374418256353887,IGHV4-4*07,IGHD5/OR15-5b*01,IGHJ6*03,54,215,0,8,4,1,21,,,C,,CACGTCCAAGGACTAGTTCTCTCTGAAACTGAGCACTGTGACTGTCGCGGACACGGCCGTGTTTTACTGTGCCAGAGAAGTGTCTACTTCCCGCTACTAGTACTACTACATGGACGTCTGGGGCAATGGG
-4457994785156301137,5898374418256353887,IGHV4-4*07,IGHD5/OR15-5b*01,IGHJ6*03,54,215,0,8,4,1,21,,,C,,CACGTCCAACAACCAATCCTCCTTCAAGCTGAGCCCTGCGACCGTCGCGGACACGGGCGTATATTACTGTGCGAGAGAACTGTCCACCACTAGCTACTCCCACTACTACATGGACGTCTGGGGCAATGGG
-967963898265220966,5898374418256353887,IGHV4-4*07,IGHD5/OR15-5b*01,IGHJ6*03,54,215,0,8,4,1,21,,,C,,CACGTCCAACAACCAATTCTCCTTCAAGCTGAGCCTTACGACCGTGGCGGACACGGGCGTATATTACTGTGCGAGAGAACTGTCCACCACTAGCTACTCCTACTACTTCATGGACGTCTGGGGCATTGGG
-9211248628711408800,5898374418256353887,IGHV4-4*07,IGHD5/OR15-5b*01,IGHJ6*03,54,215,0,8,4,1,21,,,C,,CACGTCCCAGAACCAGTACTCCCTAAAGCTGAGCTCTGTGACCCTCGCTCACACGCCCGTGTATTATTGTGCGAGAGAAGTGTCGCCCACTTGCTACTACAGCCACTACATGGTCGTCTGGGGCAATGGG
837811656943879692,3592751927997367118,IGHV5-51*03,IGHD5-12*01,IGHJ1*01,48,212,0,3,0,16,22,,TGGCAG,GCGTGCCC,,AGCCGACAAGTCCACCAGCAGCGCCTACCTGCAGTGGAGCAGCCTGAAGGCCTCGGAAACCGCCAAGTATTACTGTGCGAGATGGCAGGATATAGTGGCTACAATTACGCGTGCCCACTGGGGCCCGGGC
7522037865213222058,3592751927997367118,IGHV5-51*03,IGHD5-12*01,IGHJ1*01,48,212,0,3,0,16,22,,TGGCAG,GCGTGCCC,,AGCCGACAAGCCCATCAGCACCGCCTACCTGCAGTGGAGCAGCCTGAAGGCCTCGGACACCGCCATGTATTACTGTGCGAGATGGCAGGAGCTAGTGGCTACGATTACGCGTGCCCACTGGGGCCACGGC
7077719047642774790,3592751927997367118,IGHV5-51*03,IGHD5-12*01,IGHJ1*01,48,212,0,3,0,16,22,,TGGCAG,GCGTGCCC,,AGCTGACTGGTCCATCAGCACCGCTTACCTGCTGTGGAGCAGCCTGAAGATCTCGGACACCGCTATGTATTACTGTGCGAGATGGTAGGATGTAGTGGCTACGATTACGCGTGCCTACTGGGGTGAGGGC
6355660016002098693,3592751927997367118,IGHV5-51*03,IGHD5-12*01,IGHJ1*01,48,212,0,3,0,16,22,,TGGCAG,GCGTGCCC,,AGCCGACAGGTCCATCAGCACCGCCTACCTGCTGTGGAGCAGCCTGAAGACCTCGGACACCGCCACGTATTAGTGTGCGAGATGGCAGGATATAGTGGCTACGACTACGCGTGCCCACTGGGGCGAGGGC
-7082690142086258534,3592751927997367118,IGHV5-51*03,IGHD5-12*01,IGHJ1*01,48,212,0,3,0,16,22,,TGGCAG,GCGTGCCC,,AGCCGACAGGTCCATCAGCACCGCCTACCTGCTGTGGAGCAGTCTGAAGACCTCGGACACCGCCACGTATTACTGTGCGAGATGGCAGGATATAGTGGCTACGACTACGCGTGCCCACTGGGGCGAGGGC
7107711744970845909,-5230409309751228512,IGHV3-7*03,IGHD5-5*01,IGHJ4*02,51,215,1,2,4,0,22,,CGACT,ACACT,,TGACAACGCCAAGGACTCACTATATCTGCAAATGATCAGCCTGAGAACCGAGGACACGGCCGTGTATTACTGTGCGTAAGTGACTTGATACAGCTATGGTCACTTCCCCTTTGACTTTTGGGGCCAGGGA
862896868923276291,-5230409309751228512,IGHV3-7*03,IGHD5-5*01,IGHJ4*02,51,215,1,2,4,0,22,,CGACT,ACACT,,TGACAACGCCAAGAACTCACTGTATCTGCAAATTAACCGCCTGAGAGCCGAGGACACGGCCATGTATTACTGTGCGAGAGTGACTTGATACAGCCATGGTCACTTCCACTTTGACTTCTGGGGCCAGGGA
-3134686575032405210,-5230409309751228512,IGHV3-7*03,IGHD5-5*01,IGHJ4*02,51,215,1,2,4,0,22,,CGACT,ACACT,,TGACAACGCCAAGAACTCACTGTATCTGCAAATTAACCGCCTGAGAGCCGAGGACACGGCCATGTATTACTGTGCGAGAGTGACTTGATACAGCCATGGTCACTTCCACTTTGACTTCTGGGGCCAGGGA
6249198533407467185,-5230409309751228512,IGHV3-7*03,IGHD5-5*01,IGHJ4*02,51,215,1,2,4,0,22,,CGACT,ACACT,,AGACAACGCGAAGAACTCACTCTATCTGCAATTAATCAGTCTGAGAGCAGAGGAAACGGCCGTGTATTACTGTACAACAGCGACTGGATACAGCTATGGACACTACTGCTCTGTCTTCTGGGGCCAGGGA
-3704169922318664743,-5230409309751228512,IGHV3-7*03,IGHD5-5*01,IGHJ4*02,51,215,1,2,4,0,22,,CGACT,ACACT,,AAACAACGCTGAGAGCTCATTCTGTCTGCATTTCAACAGCCTGAGAGCCGAGGACACGGCCATGTATTACTGTACAAGAGCAACTGAACACAGCTTTGGACACTAATACTTTGTTCCCTGGGGCCAGGGA
7472886579302163178,-9215729862125237457,IGHV3-7*01,IGHD3-10*01,IGHJ4*02,33,197,0,15,5,8,22,,,AG,,CCTATTCACCATCTCCAGAGACAACGCTAAGAACTCACTGTCTCTCCAAATGAACAGCCTAAGAGCCGAGGACACGACTGTGTATTACTGTGCGAGAGAGGTGAGTTATTAGGATTACTGGGGCCAGGGA
5659006992828203606,-9215729862125237457,IGHV3-7*01,IGHD3-10*01,IGHJ4*02,33,197,0,15,5,8,22,,,AG,,CCTATTCACCATCTCCAGAGACAACGCTAAGAACTCACTGTCTCTCCAAATGATCAGCCTAAGAGCCGAGGACACGACTGTGTATTACTGTGCGAGAGAGGTGAGTTATTAGGATTACTGGGGCCAGGGA
1175753261512584414,-9215729862125237457,IGHV3-7*01,IGHD3-10*01,IGHJ4*02,33,197,0,15,5,8,22,,,AG,,CCTATTCACCATCTCCAGAGACAACGCTAAGAACTCACTGTCTCTCCAAATGATCAGCCTAAGAGCCGAGGACACGACTGTGTATTACTGTGCGAGAGAGGTGAGTTATTAGGATTACTGGGGCCAGGGA
6175353931232437459,-9215729862125237457,IGHV3-7*01,IGHD3-10*01,IGHJ4*02,33,197,0,15,5,8,22,,,AG,,CCTATTCACCATCTCCAGAGACAACGCTAAGAACTCACTGTCTCTCCAAATGAACAGCCTAAGAGCCGAGGACACTACTGTGTATTACTGTGCGAGAGAGGTGAGTTATTAGGATTTCTGGGGCCAGGGA
6361174329974091967,-9215729862125237457,IGHV3-7*01,IGHD3-10*01,IGHJ4*02,33,197,0,15,5,8,22,,,AG,,CCGATTCACTATCTCCAGAGACAACGCCAAGAACTCGTTGTATCTGCAAATGAGCAGCCTGAGAGCCGAGGACACGGCTGTGTATTACTGTGCGAGAGAGGGGAGTTATTAGGACTACTGGGGCCAGGGA
